slug,title,words,readTime,date,status
ciencias-humanas-enem-guia-avancado,Ciências Humanas ENEM — Guia Avançado para Nota 700+,3392,11,2025-03-10,OK
estatistica-enem-o-que-cai,Estatística no ENEM: O que Cai e Como Resolver as Questões,3285,6,2026-06-14,OK
trigonometria-enem-o-que-cai,Trigonometria no ENEM: O que Cai e Como Resolver 2026,3241,6,2026-06-14,OK
cronograma-enem-1-ano,Cronograma ENEM 1 Ano — Plano de Estudos Anual Completo,3212,11,2025-03-03,OK
sociologia-enem-o-que-estudar,Sociologia no ENEM: O que Estudar e os Temas Mais Cobrados,3157,6,2026-06-14,OK
enem-ingles-ou-espanhol,ENEM — Inglês ou Espanhol? Qual Escolher e Como Decidir,3150,6,2026-06-18,OK
enem-vs-vestibular-diferenca,ENEM vs Vestibular — Diferenças; Qual Fazer Primeiro e Como,3125,6,2026-06-18,OK
logaritmos-matematica-enem,Logaritmos no ENEM: Propriedades; Fórmulas e Como Resolver,3014,6,2026-06-14,OK
biologia-celular-enem,Biologia Celular no ENEM — O Que Cai e Como Estudar,2994,9,2025-04-01,OK
funcoes-matematica-enem,Funções no ENEM: 1º Grau; 2º Grau; Exponencial e,2991,7,2026-06-14,OK
literatura-enem-o-que-cai,Literatura no ENEM — O que Cai; Autores e Como Estudar,2975,9,2026-03-10,OK
genetica-enem-o-que-cai,Genética no ENEM: O que Cai; Exercícios Resolvidos e Como,2936,10,2026-06-15,OK
nota-de-corte-design-enem,Nota de Corte Design ENEM 2025: SISU; ProUni e Mercado,2917,6,2026-06-15,OK
progressoes-matematica-enem,Progressões Aritmética e Geométrica no ENEM,2906,6,2026-06-14,OK
enem-digital-como-funciona,ENEM Digital — Como Funciona; Diferenças e Como se Inscrever,2852,6,2026-04-10,OK
enem-treineiro,ENEM Treineiro — O Que É; Quem Pode Fazer e Como se Preparar,2824,5,2026-06-18,OK
cinematica-enem-o-que-cai,Cinemática no ENEM — O Que Cai; Fórmulas e Exercícios,2808,9,2026-06-18,OK
filosofia-sociologia-enem,Filosofia e Sociologia no ENEM — O que Cai e Como Estudar,2799,7,2026-03-22,OK
biologia-enem-o-que-cai,Biologia no ENEM — O que Cai; Temas e Estratégia 2026,2792,8,2026-03-14,OK
nota-de-corte-letras-enem,Nota de Corte Letras ENEM 2025 — SISU; Universidades e,2789,5,2026-06-14,OK
termodinamica-enem-o-que-cai,Termodinâmica no ENEM — O Que Cai; Leis e Como Estudar,2785,8,2026-06-18,OK
fisica-moderna-enem,Física Moderna no ENEM — Radioatividade; Efeito,2775,9,2025-04-05,OK
ecologia-enem-o-que-cai,Ecologia no ENEM — O Que Cai; Conceitos e Como Estudar,2766,9,2026-06-18,OK
matrizes-determinantes-enem,Matrizes e Determinantes no ENEM: O que Cai e Como Resolver,2760,5,2026-06-14,OK
como-estudar-sociologia-enem,Como Estudar Sociologia para o ENEM — Clássicos,2732,7,2026-06-18,OK
redacao-enem-introducao-como-fazer,Introdução da Redação ENEM — Como Fazer e Modelos que,2731,7,2026-06-18,OK
gabarito-enem-2018,Gabarito ENEM 2018 — Respostas Oficiais e Análise das Provas,2730,7,2025-01-08,OK
texto-dissertativo-argumentativo-enem,Texto Dissertativo-Argumentativo no ENEM,2729,8,2026-06-18,OK
redacao-enem-temas-provaveis-2026,Temas Prováveis da Redação ENEM 2026: Análise e Preparação,2717,7,2026-06-14,OK
enem-primeiro-ou-segundo-dia,ENEM Primeiro ou Segundo Dia — O Que Cai em Cada Dia da,2703,8,2025-05-01,OK
gabarito-enem-2019,Gabarito ENEM 2019 — Respostas Oficiais por Disciplina e,2691,7,2025-01-10,OK
ciencias-humanas-enem-o-que-cai,Ciências Humanas ENEM — O Que Cai Mais e Como Estudar,2672,9,2026-04-01,OK
reacoes-quimicas-enem,Reações Químicas no ENEM — O Que Cai; Tipos e Como Balancear,2669,8,2026-06-18,OK
gabarito-enem-2020,Gabarito ENEM 2020: 1ª e 2ª Aplicação com Questões,2664,7,2026-06-15,OK
como-calcular-nota-enem,Como Calcular Sua Nota do ENEM — TRI e Médias para o SISU,2658,7,2026-01-25,OK
enem-treineiro-2026,ENEM Treineiro 2026 — O que É; Quem Pode Fazer e Como se,2644,5,2026-05-01,OK
como-estudar-fisica-enem,Como Estudar Física para o ENEM: Guia Completo 2026,2636,8,2026-06-14,OK
tri-enem-como-funciona,TRI ENEM — O Que É e Como Isso Afeta Sua Nota,2614,7,2026-02-01,OK
enem-pontuacao-maxima-como-tirar-900,Como Tirar 900+ no ENEM: Estratégia dos Candidatos de Alta,2591,7,2026-06-15,OK
tabela-periodica-enem,Tabela Periódica no ENEM — O Que Cai e Como Ler Sem Decorar,2553,7,2026-06-18,OK
quanto-vale-redacao-enem,Quanto Vale a Redação no ENEM — Peso; Nota e Impacto no,2537,5,2026-06-18,OK
gabarito-enem-2021,Gabarito ENEM 2021 — Questões e Análise por Disciplina,2525,7,2021-11-21,OK
enem-2026-cronograma-datas,ENEM 2026: Cronograma Completo de Datas e Prazos,2494,4,2026-06-15,OK
gabarito-matematica-enem-2021,Gabarito de Matemática ENEM 2021 — Temas,2477,7,2026-06-17,OK
nota-de-corte-engenharia-enem,Nota de Corte para Engenharia no ENEM — SISU 2026 por,2473,6,2026-04-05,OK
cronograma-enem-3-meses,Cronograma de Estudos para o ENEM em 3 Meses,2471,8,2026-06-15,OK
gabarito-ciencias-natureza-enem-2024,Gabarito de Ciências da Natureza ENEM 2024,2469,8,2025-01-15,OK
questoes-de-fisica-enem,Questões de Física do ENEM — Banco com Gabarito e Resolução,2450,6,2026-06-19,OK
dicas-ultima-hora-enem,Dicas de Última Hora Para o ENEM: O Que Fazer na Semana da,2436,7,2026-06-15,OK
gabarito-matematica-enem-2022,Gabarito de Matemática ENEM 2022 — Temas,2433,8,2026-06-17,OK
como-estudar-quimica-enem,Como Estudar Química para o ENEM: Temas que Mais Caem e,2426,7,2026-06-14,OK
enem-2025-analise-prova,Análise do ENEM 2025 — Dificuldade; Temas e Destaques da,2423,7,2026-06-20,OK
gabarito-ciencias-humanas-enem-2024,Gabarito de Ciências Humanas ENEM 2024: História; Geografia,2395,8,2025-01-15,OK
enem-2026-o-que-estudar,ENEM 2026 — O Que Estudar em Cada Disciplina,2345,9,2026-03-01,OK
gabarito-matematica-enem-2024,Gabarito de Matemática ENEM 2024: Questões Comentadas (1ª e,2327,8,2025-01-15,OK
gabarito-ciencias-natureza-enem-2020,Gabarito de Ciências da Natureza ENEM 2020,2327,6,2026-06-19,OK
gabarito-ciencias-humanas-enem-2023,Gabarito Ciências Humanas ENEM 2023 — Respostas e Análise,2295,7,2025-02-06,OK
gabarito-matematica-enem-2023,Gabarito de Matemática ENEM 2023 — Respostas e Resolução,2292,8,2025-02-10,OK
enem-2026-inscricao-isentos-baixa-renda,Isenção de Taxa do ENEM 2026: Quem Tem Direito e Como Pedir,2287,4,2026-06-15,OK
enem-2026,ENEM 2026: Datas; Inscrição; Cronograma e Tudo que Você,2282,11,2026-06-15,OK
gabarito-ciencias-humanas-enem-2022,Gabarito Ciências Humanas ENEM 2022 — História; Geografia,2277,7,2026-06-17,OK
interpretacao-de-texto-enem,Interpretação de Texto no ENEM: Como Não Errar Questões de,2264,7,2026-06-14,OK
nota-de-corte-sisu-2026,Nota de Corte SISU 2026 — Por Curso e Universidade com ENEM,2256,8,2026-06-20,OK
gabarito-ciencias-natureza-enem-2025,Gabarito de Ciências da Natureza ENEM 2025,2248,7,2026-06-20,OK
gabarito-enem-2022,Gabarito ENEM 2022 — Todas as Disciplinas com Resolução,2245,8,2022-11-13,OK
prouni-2026-inscricoes,ProUni 2026 — Datas de Inscrição; Quem Pode e Como se,2239,6,2026-06-20,OK
gabarito-linguagens-enem-2024,Gabarito de Linguagens ENEM 2024: Português; Literatura,2236,7,2025-01-15,OK
gabarito-enem-2017,Gabarito ENEM 2017 — Respostas Oficiais; Redação e Análise,2203,7,2025-01-05,OK
nota-de-corte-enfermagem-enem,Nota de Corte para Enfermagem no ENEM — SISU 2026,2201,6,2026-02-20,OK
redacao-enem-nota-zero-como-evitar,Redação ENEM Nota Zero: O que Causa e Como Evitar em 2026,2186,5,2026-06-15,OK
como-estudar-biologia-enem,Como Estudar Biologia para o ENEM: Temas,2172,8,2026-06-14,OK
como-estudar-filosofia-enem,Como Estudar Filosofia para o ENEM: Temas,2172,6,2026-06-14,OK
gabarito-enem-2024,Gabarito ENEM 2024 — Todas as Disciplinas com Resolução,2161,8,2024-11-10,OK
gabarito-enem-2015,Gabarito ENEM 2015 — Todas as Disciplinas e Análise da Prova,2160,7,2026-06-19,OK
gabarito-linguagens-enem-2025,Gabarito de Linguagens ENEM 2025 — Português; Literatura,2157,6,2026-06-20,OK
redacao-enem-conclusao-como-fazer,Conclusão da Redação ENEM — Como Fazer a Proposta de,2155,8,2026-06-19,OK
como-estudar-portugues-enem,Como Estudar Português para o ENEM: Gramática,2147,8,2026-06-14,OK
como-estudar-ciencias-natureza-enem,Como Estudar Ciências da Natureza para o ENEM,2127,8,2026-03-28,OK
redacao-enem-competencias,As 5 Competências da Redação do ENEM — Guia Completo para,2112,9,2026-04-15,OK
gabarito-ciencias-humanas-enem-2021,Gabarito Ciências Humanas ENEM 2021 — História; Geografia,2105,7,2026-06-17,OK
questoes-de-geografia-enem,Questões de Geografia no ENEM: Biomas; Geopolítica e,2103,9,2026-06-15,OK
nota-de-corte-odontologia-enem,Nota de Corte para Odontologia no ENEM — SISU 2026,2097,5,2026-04-20,OK
como-se-inscrever-enem-2026,Como se Inscrever no ENEM 2026 — Passo a Passo,2095,7,2026-02-01,OK
gabarito-ciencias-humanas-enem-2020,Gabarito de Ciências Humanas ENEM 2020 — História,2095,6,2026-06-19,OK
gabarito-linguagens-enem-2020,Gabarito de Linguagens ENEM 2020 — Português; Literatura,2086,6,2026-06-19,OK
como-estudar-historia-enem,Como Estudar História para o ENEM: Guia Completo 2026,2075,8,2026-06-14,OK
questoes-matematica-enem-2022,Questões de Matemática ENEM 2022 — Análise e Gabarito,2070,7,2026-05-01,OK
questoes-linguagens-enem-2020,Questões de Linguagens ENEM 2020 — Português; Literatura e Artes,2069,7,2026-04-28,OK
nota-de-corte-matematica-curso-enem,Nota de Corte Matemática (Curso) ENEM 2025,2060,4,2026-06-15,OK
questoes-linguagens-enem-2022,Questões de Linguagens ENEM 2022 — Português; Literatura e Artes,2059,7,2026-05-04,OK
nota-de-corte-fisioterapia-enem,Nota de Corte Fisioterapia ENEM 2025 — SISU e Universidades,2053,5,2026-06-14,OK
nota-de-corte-administracao-enem,Nota de Corte para Administração no ENEM — SISU 2026,2050,6,2026-02-15,OK
redacao-enem-correcao-online,Correção de Redação ENEM Online com IA: Como Funciona e,2050,8,2026-06-15,OK
gabarito-matematica-enem-2020,Gabarito de Matemática ENEM 2020 — Resolução e Análise,2039,6,2026-06-19,OK
gabarito-linguagens-enem-2023,Gabarito de Linguagens ENEM 2023 — Respostas e Análise das,2038,7,2025-02-04,OK
questoes-humanas-enem-2021,Questões Ciências Humanas ENEM 2021 com Gabarito e Resolução,2027,7,2026-04-30,OK
gabarito-matematica-enem-2025,Gabarito de Matemática ENEM 2025 — Resolução Comentada,2022,7,2026-06-20,OK
nota-de-corte-psicologia-enem,Nota de Corte para Psicologia no ENEM — SISU 2026 por,2019,5,2026-04-10,OK
questoes-linguagens-enem-2021,Questões de Linguagens ENEM 2021 — Português; Literatura e Artes,2019,7,2026-05-01,OK
nota-de-corte-farmacia-enem,Nota de Corte para Farmácia no ENEM — SISU 2026,2013,5,2026-03-01,OK
enem-2026-dia-da-prova,ENEM 2026: Data; Horário e O que Levar no Dia da Prova,2013,5,2026-06-14,OK
enem-caderno-de-questoes-cores,Caderno de Questões do ENEM — Cores; Versões e O Que Muda,2011,5,2026-06-19,OK
questoes-humanas-enem-2022,Questões Ciências Humanas ENEM 2022 com Gabarito e Resolução,2006,7,2026-05-03,OK
questoes-humanas-enem-2020,Questões Ciências Humanas ENEM 2020 com Gabarito e Resolução,2005,7,2026-04-27,OK
questoes-matematica-enem-2021,Questões de Matemática ENEM 2021 — Análise e Gabarito,1999,7,2026-04-28,OK
gabarito-ciencias-humanas-enem-2025,Gabarito de Ciências Humanas ENEM 2025 — História,1997,6,2026-06-20,OK
questoes-matematica-enem-2020,Questões de Matemática ENEM 2020 — Análise e Gabarito,1983,7,2026-04-25,OK
questoes-ciencias-natureza-enem-2020,Questões de Ciências da Natureza ENEM 2020 — Física; Química e Biologia,1983,7,2026-04-26,OK
prouni-como-funciona,ProUni — Como Funciona; Quem Tem Direito e Como se Inscrever,1978,6,2026-06-18,OK
nota-de-corte-medicina-estadual,Nota de Corte Medicina Estadual pelo ENEM,1977,9,2025-04-10,OK
nota-de-corte-economia-enem,Nota de Corte Economia ENEM 2025 — SISU; Universidades e,1975,5,2026-06-14,OK
gabarito-ciencias-natureza-enem-2021,Gabarito Ciências da Natureza ENEM 2021 — Física,1968,7,2026-06-17,OK
quimica-organica-enem,Química Orgânica no ENEM: Funções; Reações e Questões,1967,10,2026-06-15,OK
questoes-ciencias-natureza-enem-2022,Questões de Ciências da Natureza ENEM 2022 — Física; Química e Biologia,1963,7,2026-05-02,OK
questoes-de-quimica-enem,Questões de Química no ENEM: Temas Mais Cobrados e Como,1953,9,2026-06-15,OK
matematica-financeira-enem,Matemática Financeira no ENEM — Juros; Porcentagem e o Que,1949,9,2026-06-18,OK
questoes-ciencias-natureza-enem-2021,Questões de Ciências da Natureza ENEM 2021 — Física; Química e Biologia,1948,7,2026-04-29,OK
redacao-enem-tema,Redação ENEM — Como Tirar 1000 Pontos em Qualquer Tema,1944,11,2026-02-15,OK
prouni-2026-como-funciona,ProUni 2026 — Como Funciona; Nota Mínima e Como se Inscrever,1942,7,2026-01-20,OK
nota-de-corte-medicina-federal-por-estado,Nota de Corte Medicina Federal por Estado 2025,1937,8,2026-06-15,OK
tecnicas-de-estudo-enem,Técnicas de Estudo para o ENEM: Métodos que Funcionam em,1935,7,2026-06-14,OK
nota-de-corte-biomedicina-enem,Nota de Corte Biomedicina ENEM 2025: SISU; ProUni e Mercado,1929,7,2026-06-15,OK
como-fazer-redacao-enem-passo-a-passo,Como Fazer Redação do ENEM Passo a Passo,1923,10,2026-05-01,OK
como-estudar-linguagens-enem,Como Estudar Linguagens para o ENEM — Guia Completo,1920,9,2026-04-01,OK
questoes-de-biologia-enem,Questões de Biologia no ENEM: O que Mais Cai e Como Estudar,1916,9,2026-06-15,OK
como-estudar-geografia-enem,Como Estudar Geografia para o ENEM: Temas e Estratégia 2026,1912,7,2026-06-14,OK
como-calcular-media-enem,Como Calcular a Média do ENEM — Fórmula e Calculadora,1904,5,2026-06-18,OK
como-estudar-ciencias-humanas-enem,Como Estudar Ciências Humanas para o ENEM,1900,8,2026-03-25,OK
nota-de-corte-contabilidade-enem,Nota de Corte Contabilidade ENEM 2025 — SISU e Universidades,1900,5,2026-06-14,OK
ingles-enem-dicas,Inglês no ENEM — O que Cai e Como Passar Mesmo Sem Ser,1876,6,2026-03-20,OK
enem-digital-prova-computador,ENEM Digital — Prova no Computador; Quem Pode Fazer e,1856,6,2026-06-22,OK
nota-de-corte-ciencias-sociais-enem,Nota de Corte Ciências Sociais ENEM 2025: SISU e Mercado,1853,6,2026-06-15,OK
nota-de-corte-veterinaria-universidades,Nota de Corte para Veterinária nas Federais,1853,8,2025-04-12,OK
nota-enem-medicina-particular,Nota do ENEM para Medicina Particular — Quanto Precisa para,1852,7,2026-06-18,OK
questoes-de-portugues-enem,Questões de Português no ENEM: Interpretação Textual e,1850,9,2026-06-15,OK
como-estudar-para-enem-em-3-meses,Como Estudar para o ENEM em 3 Meses — Cronograma Intensivo,1829,9,2026-06-20,OK
fies-2026-como-funciona,FIES 2026 — Como Funciona; Quem Pode e Como se Inscrever,1824,7,2026-04-15,OK
quando-sai-resultado-enem,Quando Sai o Resultado do ENEM 2025 — Datas e Como Consultar,1824,5,2026-06-18,OK
nota-de-corte-direito-enem,Nota de Corte para Direito no ENEM — SISU 2026 por,1821,6,2026-04-07,OK
redacao-enem-2025-tema,Tema da Redação do ENEM 2025 — Análise e Como Responder,1818,8,2025-11-12,OK
enem-2025-gabarito-resultado,ENEM 2025 — Gabarito; Resultado e Notas de Corte,1805,7,2025-11-10,OK
nota-de-corte-arquitetura-enem,Nota de Corte para Arquitetura e Urbanismo no ENEM,1802,5,2026-03-05,OK
enem-resultado-quando-sai-2026,ENEM 2026 — Quando Sai o Resultado e Como Consultar,1802,5,2026-05-10,OK
nota-de-corte-quimica-curso-enem,Nota de Corte Química (Licenciatura/Bacharelado) ENEM 2025,1802,4,2026-06-15,OK
nota-de-corte-relacoes-internacionais-enem,Nota de Corte Relações Internacionais ENEM 2025,1784,7,2026-06-15,OK
como-passar-no-enem,Como Passar no ENEM em 2025 — Guia Completo de Estudos,1781,12,2026-01-10,OK
banco-de-questoes-enem-gratis,Banco de Questões do ENEM Grátis — Como Praticar Online Sem,1780,5,2026-06-18,OK
data-enem-2025,Data do ENEM 2025 — Quando é; Cronograma e o que Esperar,1775,6,2026-06-17,OK
geografia-enem-o-que-cai,Geografia no ENEM — O que Cai; Temas e Estratégia 2026,1771,7,2026-03-18,OK
nota-de-corte-historia-enem,Nota de Corte História (Licenciatura) ENEM 2025,1770,4,2026-06-14,OK
nota-de-corte-pedagogia-enem,Nota de Corte Pedagogia ENEM 2025 — SISU e Universidades,1766,5,2026-06-14,OK
gabarito-linguagens-enem-2022,Gabarito Linguagens ENEM 2022 — Português; Literatura,1755,7,2026-06-17,OK
sisu-como-funciona,SISU — Como Funciona; Inscrição e Como Calcular Suas Chances,1753,7,2026-06-18,OK
cronograma-estudos-enem-2025,Cronograma de Estudos para o ENEM 2025 — Semana a Semana,1749,10,2026-01-15,OK
nota-de-corte-nutricao-enem,Nota de Corte para Nutrição no ENEM — SISU 2026,1736,5,2026-03-08,OK
redacao-enem-como-tirar-1000,Redação ENEM — Como Tirar 1000 Pontos nas 5 Competências,1732,10,2026-02-15,OK
sisu-2026-inscricoes-datas,SISU 2026 — Datas de Inscrição; Cronograma e Como Participar,1722,6,2026-06-20,OK
enem-nota-maxima,Nota Máxima no ENEM — Como Atingir 1000 Pontos,1703,9,2026-06-24,OK
melhor-app-estudar-enem-gratis,Melhor Aplicativo para Estudar para o ENEM Grátis em 2026,1701,6,2026-05-20,OK
como-estudar-para-o-enem,Como Estudar para o ENEM 2026 — Guia Completo do Zero,1690,12,2026-01-10,OK
gabarito-ciencias-natureza-enem-2023,Gabarito Ciências da Natureza ENEM 2023 — Física,1685,8,2025-02-08,OK
eletricidade-enem-o-que-cai,Eletricidade no ENEM — O Que Cai; Fórmulas e Como Estudar,1681,8,2026-06-18,OK
resultado-enem-2025,Resultado do ENEM 2025 — Quando Sai e Como Consultar sua,1674,5,2026-06-20,OK
sisu-2026-como-funciona,SISU 2026 — Como Funciona; Notas de Corte e Como se,1668,8,2026-03-15,OK
enem-2026-data-inscricao,ENEM 2026: Data da Prova; Inscrição e Tudo que Você Precisa,1655,6,2026-01-15,OK
nota-de-corte-agronomia-enem,Nota de Corte para Agronomia no ENEM — SISU 2026,1644,5,2026-04-25,OK
nota-de-corte-jornalismo-enem,Nota de Corte Jornalismo ENEM 2025 — SISU e Perspectivas de,1637,5,2026-06-14,OK
nota-de-corte-veterinaria-enem,Nota de Corte para Veterinária no ENEM — SISU 2026,1627,5,2026-03-12,OK
gabarito-enem-2023,Gabarito ENEM 2023 — Questões e Resoluções por Disciplina,1620,7,2023-11-12,OK
cronograma-enem-6-meses,Cronograma ENEM 6 Meses — Plano de Estudos Semana a Semana,1591,12,2025-03-01,OK
redacao-enem-nota-1000,Redação ENEM Nota 1000 — O que Fazer para Tirar,1589,10,2026-06-24,OK
dicas-enem-2025,10 Dicas de Ouro para o ENEM 2025 — Do Estudo ao Dia da,1577,8,2026-01-20,OK
historia-enem-o-que-cai,História no ENEM — O que Cai; Temas e Estratégia 2026,1575,7,2026-03-16,OK
questoes-de-matematica-enem,Questões de Matemática do ENEM — Banco com Gabarito e,1550,6,2026-06-19,OK
melhor-curso-pre-enem-online,Melhor Curso Pré-ENEM Online 2026 — Comparativo,1520,8,2026-06-24,OK
questoes-fisica-enem,Questões de Física no ENEM — Os 10 Temas Mais Cobrados,1518,9,2026-02-20,OK
cursinho-online-enem,Cursinho Online para o ENEM — Gratuito e Pago 2026,1418,8,2026-06-24,OK
medicina-enem-nota-de-corte,Nota de Corte Medicina ENEM 2026 — Por Universidade,1408,9,2026-06-24,OK
fisica-enem-o-que-cai,Física no ENEM — O que Cai; Temas e Estratégia 2026,1405,8,2026-03-10,OK
redacao-enem-2024-tema,Tema da Redação ENEM 2024 — Análise Completa e Como Deveria,1405,9,2026-06-17,OK
prazos-enem-nao-perca-datas,Prazos ENEM 2026: Não Perca Essas Datas Críticas de Maio a Janeiro,1383,7,2026-07-11,OK
gabarito-ciencias-natureza-enem-2022,Gabarito Ciências da Natureza ENEM 2022 — Física,1374,8,2026-06-17,OK
estrutura-redacao-enem,Estrutura da Redação ENEM — Guia Completo 2026,1367,8,2026-06-24,OK
como-estudar-matematica-enem,Como Estudar Matemática para o ENEM: Guia Definitivo 2026,1342,10,2026-06-15,OK
engenharia-nota-de-corte-enem,Nota de Corte Engenharia ENEM 2026 — Por Modalidade,1335,8,2026-06-24,OK
questoes-enem-online-gratis,Questões ENEM Online Grátis — Banco Completo 2009 a 2024,1283,5,2026-05-25,OK
direito-nota-de-corte-enem,Nota de Corte Direito ENEM 2026 — Por Universidade,1276,7,2026-06-24,OK
matematica-enem-dicas-estrategias,Matemática no ENEM — Dicas e Estratégias para Não Ter Medo,1260,8,2026-04-15,OK
questoes-de-historia-enem,Questões de História no ENEM: Brasil República,1247,9,2026-06-15,OK
novo-enem-2024-formato,O Novo ENEM 2024+: Guia Completo sobre Formato; Estrutura e Mudanças,1232,7,2026-07-11,OK
quanto-tempo-estudar-para-o-enem,Quanto Tempo Estudar para o ENEM? A Resposta Honesta,1213,7,2026-01-30,OK
alternativa-descomplica-gratuita,Alternativa Gratuita ao Descomplica para o ENEM 2026,1207,5,2026-05-22,OK
nota-de-corte-turismo-enem,Nota de Corte Turismo ENEM 2025: SISU; ProUni e Mercado,1204,6,2026-06-15,OK
probabilidade-combinatoria-enem,Probabilidade e Combinatória no ENEM: Como Resolver,1176,7,2026-06-14,OK
nota-de-corte-publicidade-enem,Nota de Corte Publicidade e Propaganda ENEM 2026,1169,8,2026-06-25,OK
nota-de-corte-sistemas-de-informacao-enem,Nota de Corte Sistemas de Informação ENEM 2026,1165,8,2026-06-25,OK
nota-de-corte-engenharia-de-producao-enem,Nota de Corte Engenharia de Produção ENEM 2026,1165,8,2026-06-25,OK
enem-segunda-chance,Reprovei no ENEM — O que Fazer? Guia para a Segunda Chance,1164,7,2026-02-15,OK
como-passar-no-prouni-dicas,Como Passar no ProUni 2026: Nota Mínima; Documentos e,1161,6,2026-06-15,OK
o-que-mais-cai-no-enem,O que Mais Cai no ENEM — Temas por Área 2026,1160,9,2026-06-25,OK
bolsa-prouni-100-como-conseguir,Bolsa ProUni 100% — Como Conseguir em 2026,1160,8,2026-06-25,OK
nota-de-corte-computacao-enem,Nota de Corte para Ciência da Computação no ENEM — SISU 2026,1157,5,2026-04-22,OK
questoes-linguagens-enem,Questões de Linguagens ENEM — Português; Literatura e,1154,8,2026-02-05,OK
como-passar-no-sisu,Como Passar no SISU 2026 — Estratégia; Notas e Dicas,1153,8,2026-01-20,OK
geometria-enem-o-que-cai,Geometria no ENEM: Temas; Fórmulas e Dicas para 2026,1143,7,2026-06-14,OK
nota-de-corte-educacao-fisica-enem,Nota de Corte Educação Física ENEM 2025 — SISU e Mercado de,1142,4,2026-06-14,OK
erros-comuns-inscricao-enem,Erros Comuns na Inscrição ENEM 2026: Como Evitar as 10 Armadilhas Principais,1140,6,2026-07-11,OK
adaptacoes-prova-deficiente-enem,Adaptações Específicas na Prova para Pessoa com Deficiência,1138,6,2026-07-09,OK
questoes-contextualizadas-enem,Questões Contextualizadas no ENEM: Como o Exame Cobra Conteúdo,1135,6,2026-07-09,OK
nota-de-corte-ciencias-biologicas-enem,Nota de Corte Ciências Biológicas ENEM 2025,1130,4,2026-06-14,OK
nota-de-corte-fonoaudiologia-enem,Nota de Corte Fonoaudiologia ENEM 2026 — Por Universidade,1120,8,2026-06-25,OK
nota-de-corte-biotecnologia-enem,Nota de Corte Biotecnologia ENEM 2026 — Por Universidade,1119,8,2026-06-25,OK
nota-de-corte-zootecnia-enem,Nota de Corte Zootecnia ENEM 2026 — Por Universidade,1116,8,2026-06-25,OK
nota-de-corte-geografia-enem,Nota de Corte Geografia ENEM 2026 — Por Universidade,1114,8,2026-06-25,OK
trabalhador-enem-estudar-trabalhando,Como Estudar para o ENEM Trabalhando: Cronograma e Estratégia,1112,6,2026-07-09,OK
nota-de-corte-estatistica-enem,Nota de Corte Estatística ENEM 2026 — Por Universidade,1111,8,2026-06-25,OK
nota-de-corte-marketing-enem,Nota de Corte Marketing ENEM 2026 — Por Universidade,1109,8,2026-06-25,OK
nota-de-corte-gastronomia-enem,Nota de Corte Gastronomia ENEM 2026 — Por Universidade,1107,8,2026-06-25,OK
como-passar-em-medicina-federal-no-enem,Como Passar em Medicina Federal no ENEM: Nota de Corte e Estratégia Completa,1099,6,2026-06-29,OK
dia-enem-dicas-preparacao,Dia do ENEM 2026: Dicas; O Que Levar e Como Se Preparar,1099,6,2026-07-11,OK
quando-sai-resultado-enem-2026,Quando Sai o Resultado do ENEM 2026: Datas Oficiais e Como Consultar,1092,6,2026-07-11,OK
como-estudar-ingles-enem,Como Estudar Inglês para o ENEM: O que Cai e Estratégia 2026,1088,6,2026-06-14,OK
gabarito-linguagens-enem-2021,Gabarito Linguagens ENEM 2021 — Português,1085,7,2026-06-17,OK
enem-ppcs-pessoas-com-deficiencia,ENEM para Pessoas com Deficiência — Atendimento,1084,6,2026-05-10,OK
nota-de-corte-servico-social-enem,Nota de Corte Serviço Social ENEM 2025 — SISU e,1079,4,2026-06-14,OK
nota-de-corte-medicina-enem,Nota de Corte Medicina ENEM 2026 — Federal; Unifesp e Mais,1078,8,2026-01-20,OK
usar-nota-enem-universidade,Como Usar Sua Nota ENEM em Universidades 2026: Guia Completo,1072,6,2026-07-11,OK
quimica-enem-o-que-cai,Química no ENEM — O que Cai; Temas e Estratégia 2026,1068,8,2026-03-12,OK
ansiedade-enem-gestao-emocional,Ansiedade no ENEM: Estratégias de Gestão Emocional e Foco,1060,6,2026-07-09,OK
deficiente-enem-direitos-recursos,Deficiente no ENEM: Direitos; Recursos e Procedimentos,1055,6,2026-07-09,OK
problemas-cotidiano-enem,Problemas do Dia a Dia que Aparecem no ENEM: Exemplos Reais,1040,6,2026-07-09,OK
quantos-acertos-para-passar-no-enem,Quantos Acertos Para Passar no ENEM 2026?,1035,9,2026-06-25,OK
questoes-ciencias-natureza-enem,Questões de Ciências da Natureza ENEM — Os Temas Mais,1034,9,2026-02-10,OK
nota-de-corte-fisica-curso-enem,Nota de Corte Física (Licenciatura/Bacharelado) ENEM 2025,1032,4,2026-06-15,OK
horario-prova-enem-2026,Horário da Prova do ENEM 2026: Que Horas Começa,1021,7,2026-06-25,OK
perfil-candidato-aprovado-enem,Perfil do Candidato que Passa no ENEM: Características e Hábitos,1021,6,2026-07-09,OK
enem-segunda-aplicacao-2026,ENEM 2ª Aplicação 2026 — Data; Quem Pode Fazer e Como,1019,5,2026-06-18,OK
ansiedade-enem-como-controlar,Ansiedade no ENEM — Como Controlar e Render Melhor na Prova,1014,7,2026-06-19,OK
gabarito-enem-2016,Gabarito ENEM 2016 — Gabarito Oficial por Cor e Questão,1004,4,2026-06-18,OK
taxa-inscricao-enem-2026,Taxa de Inscrição ENEM 2026: Quanto Custa e Como Conseguir Isenção,1003,6,2026-07-11,OK
questoes-matematica-enem-2023,Questões de Matemática ENEM 2023 — Gabarito e Resolução,1001,10,2023-11-15,OK
quantas-questoes-tem-o-enem,Quantas Questões Tem o ENEM? Total e Por Área,998,7,2026-06-25,OK
cronograma-oficial-enem-2026,Cronograma Oficial ENEM 2026: Todas as Datas Importantes que Você Precisa Saber,987,5,2026-07-11,OK
enem-2026-o-que-mudou,ENEM 2026 — O Que Muda; Novidades e Como se Preparar,986,6,2026-06-18,OK
estudo-eficiente-pouco-tempo,Estudo Eficiente com Pouco Tempo: Técnicas Comprovadas,984,5,2026-07-09,OK
flashcards-repeticao-espacada-enem,Flashcards e Repetição Espaçada: Como Memorizar Sem Esforço Infinito,972,5,2026-07-11,OK
questoes-ciencias-humanas-enem,Questões de Ciências Humanas ENEM — Estratégia e Temas,965,8,2026-02-08,OK
o-que-levar-no-dia-do-enem,O que Levar no Dia do ENEM 2026 — Checklist Completo,964,7,2026-06-25,OK
questoes-matematica-enem-2024,Questões de Matemática ENEM 2024 — Gabarito e Análise,952,9,2024-11-13,OK
encceja-2026-certificado-ensino-medio,Encceja 2026 — Certificado do Ensino Médio,952,8,2026-06-25,OK
redacao-enem-quantas-linhas,Redação do ENEM: Quantas Linhas Você Deve Ter?,923,7,2026-06-25,OK
simulado-enem-gratis,Simulado ENEM Grátis — Pratique com Questões Reais do INEP,922,6,2026-02-01,OK
leitura-estrategica-sq3r-enem,Leitura Estratégica: Como Ler Livros e Artigos Mais Rápido,883,5,2026-07-11,OK
melhores-recursos-estudar-enem,Melhores Recursos para Estudar ENEM 2026: Guia com Plataformas e Dicas Gratuitas,875,5,2026-07-11,OK
tecnica-feynman-estudar-enem,Técnica Feynman: Como Aprender Qualquer Coisa Ensinando,870,5,2026-07-11,OK
o-que-nao-pode-levar-no-enem,O que Não Pode Levar no ENEM 2026 — Lista Oficial,861,7,2026-06-25,OK
mapas-mentais-estudar-enem,Mapas Mentais: Como Visualizar Tudo o Que Você Aprende,841,5,2026-07-11,OK
revisao-espacada-calendario-enem,Revisão Espaçada: O Calendário Científico Para Nunca Mais Esquecer,829,5,2026-07-11,OK
active-recall-vs-revisao-passiva-enem,Active Recall vs Revisão Passiva: Por que Reler é a Maneira Mais Lenta de Aprender,809,5,2026-07-11,OK
cartao-de-confirmacao-enem-2026,Cartão de Confirmação ENEM 2026 — Como Acessar,804,6,2026-06-25,OK
metodo-cornell-anotacoes-enem,Método Cornell: A Melhor Forma de Organizar Seus Cadernos,795,4,2026-07-11,OK
local-de-prova-enem-2026,Local de Prova ENEM 2026 — Como Consultar,789,6,2026-06-25,OK
tecnica-pomodoro-enem,Técnica Pomodoro: Como Estudar com Mais Foco e Menos Cansaço,787,4,2026-07-11,OK
recursos-acessiveis-deficiente-enem,Recursos Acessíveis Disponíveis para Deficientes no ENEM,784,4,2026-07-09,OK
controle-ansiedade-dia-prova,Como Controlar Ansiedade Durante a Prova do ENEM,758,4,2026-07-09,OK
grifo-inteligente-enem,Grifo Inteligente: Como Destacar Sem Encher a Página de Neon,725,4,2026-07-11,OK
gestao-tempo-prova-enem,Gestão de Tempo na Prova do ENEM: Estratégia por Disciplina,724,4,2026-07-09,OK
cronograma-trabalhador-enem,Cronograma Pronto para Trabalhador Estudar para ENEM,719,4,2026-07-09,OK
resumos-eficientes-enem,Resumos Eficientes: Síntese Que Consolida Aprendizado,696,4,2026-07-11,OK
tecnicas-respiracao-ansiedade-enem,Técnicas de Respiração para Controlar Ansiedade no ENEM,658,4,2026-07-09,OK
mecanica-fisica-enem,Mecânica Clássica no ENEM: Leis de Newton; Movimento; Força e Aceleração Prática,573,3,2026-07-11,OK
analise-combinatoria-enem,Análise Combinatória no ENEM: Guia Completo para Arranjos; Permutações e Combinações,558,3,2026-07-11,OK
juros-compostos-enem,Juros Compostos no ENEM: Fórmulas; Exemplos e Estratégias de Resolução,552,3,2026-07-11,OK
estatistica-enem,Estatística no ENEM: Como Calcular Média; Mediana; Moda e Interpretar Dados,538,3,2026-07-11,OK
revolucao-francesa-enem,Revolução Francesa 1789 no ENEM: Contexto; Ideais Iluministas; Direitos Humanos e Impacto Histórico,532,3,2026-07-11,OK
questoes-historia-que-mais-caem,Questões de História que Mais Caem no ENEM: 12 Temas Obrigatórios,526,5,2026-06-29,OK
redacao-competencia-5-proposta-intervencao-enem,Competência 5 da Redação ENEM: Proposta de Intervenção com Ação; Objetivo e Finalidade,516,3,2026-07-11,OK
equacoes-1-2-grau-enem,Equações de 1º e 2º Grau no ENEM: Fórmulas; Técnicas e Exemplos Resolvidos,510,3,2026-07-11,OK
redacao-competencia-1-gramatica-enem,Redação ENEM Competência 1: Como Não Perder Pontos em Gramática e Norma Culta,507,3,2026-07-11,OK
probabilidade-enem,Probabilidade no ENEM: Fórmula Básica; Eventos Independentes e Aplicações Práticas,490,3,2026-07-11,RASO
trigonometria-enem,Trigonometria no ENEM: Seno; Cosseno; Tangente; Ciclo Trigonométrico e Ângulos Notáveis,477,3,2026-07-11,RASO
ecologia-teias-alimentares-enem,Ecologia no ENEM: Cadeias e Teias Alimentares; Fluxo de Energia e Níveis Tróficos,476,3,2026-07-11,RASO
geometria-plana-enem,Geometria Plana no ENEM: Fórmulas de Perímetro; Área e Propriedades de Figuras,474,3,2026-07-11,RASO
genetica-mendeliana-enem,Genética Mendeliana no ENEM: Leis de Mendel; Herança Dominante e Recessiva; Cruzamentos Práticos,474,3,2026-07-11,RASO
como-resolver-questoes-fisica-cinematica,Como Resolver Questões de Física Cinemática no ENEM,397,6,2026-06-29,RASO
nota-corte-medicina-federal-2025,Nota de Corte Medicina Federal 2025: Simule sua Entrada no SiSU,397,5,2026-06-29,RASO
cronograma-3-meses-estudos-enem,Cronograma de 3 Meses para ENEM: Estude 4h/Dia e Chegue aos 700+,395,6,2026-06-29,RASO
simulado-enem-online-completo-gratis,Simulado ENEM Online Completo Grátis: 180 Questões + Redação,378,5,2026-06-29,RASO
gabarito-enem-2024-linguagens,Gabarito ENEM 2024 — Linguagens e Códigos: Questões e Resolução Completa,315,7,2024-11-15,RASO
gabarito-enem-2023-linguagens,Gabarito ENEM 2023 — Linguagens e Códigos: Questões e Resolução Completa,315,7,2023-11-15,RASO
gabarito-enem-2022-linguagens,Gabarito ENEM 2022 — Linguagens e Códigos: Questões e Resolução Completa,315,7,2022-11-15,RASO
gabarito-enem-2021-linguagens,Gabarito ENEM 2021 — Linguagens e Códigos: Questões e Resolução Completa,315,7,2021-11-15,RASO
gabarito-enem-2020-linguagens,Gabarito ENEM 2020 — Linguagens e Códigos: Questões e Resolução Completa,315,7,2020-11-15,RASO
gabarito-enem-2019-linguagens,Gabarito ENEM 2019 — Linguagens e Códigos: Questões e Resolução Completa,315,7,2019-11-15,RASO
gabarito-enem-2018-linguagens,Gabarito ENEM 2018 — Linguagens e Códigos: Questões e Resolução Completa,315,7,2018-11-15,RASO
gabarito-enem-2017-linguagens,Gabarito ENEM 2017 — Linguagens e Códigos: Questões e Resolução Completa,315,7,2017-11-15,RASO
gabarito-enem-2016-linguagens,Gabarito ENEM 2016 — Linguagens e Códigos: Questões e Resolução Completa,315,7,2016-11-15,RASO
gabarito-enem-2015-linguagens,Gabarito ENEM 2015 — Linguagens e Códigos: Questões e Resolução Completa,315,7,2015-11-15,RASO
gabarito-enem-2014-linguagens,Gabarito ENEM 2014 — Linguagens e Códigos: Questões e Resolução Completa,315,7,2014-11-15,RASO
gabarito-enem-2013-linguagens,Gabarito ENEM 2013 — Linguagens e Códigos: Questões e Resolução Completa,315,7,2013-11-15,RASO
gabarito-enem-2012-linguagens,Gabarito ENEM 2012 — Linguagens e Códigos: Questões e Resolução Completa,315,7,2012-11-15,RASO
gabarito-enem-2011-linguagens,Gabarito ENEM 2011 — Linguagens e Códigos: Questões e Resolução Completa,315,7,2011-11-15,RASO
gabarito-enem-2010-linguagens,Gabarito ENEM 2010 — Linguagens e Códigos: Questões e Resolução Completa,315,7,2010-11-15,RASO
gabarito-enem-2009-linguagens,Gabarito ENEM 2009 — Linguagens e Códigos: Questões e Resolução Completa,315,7,2009-11-15,RASO
gabarito-enem-2024-ciencias-natureza,Gabarito ENEM 2024 — Ciências da Natureza: Questões e Resolução Completa,305,7,2024-11-15,RASO
gabarito-enem-2023-ciencias-natureza,Gabarito ENEM 2023 — Ciências da Natureza: Questões e Resolução Completa,305,7,2023-11-15,RASO
gabarito-enem-2022-ciencias-natureza,Gabarito ENEM 2022 — Ciências da Natureza: Questões e Resolução Completa,305,7,2022-11-15,RASO
gabarito-enem-2021-ciencias-natureza,Gabarito ENEM 2021 — Ciências da Natureza: Questões e Resolução Completa,305,7,2021-11-15,RASO
gabarito-enem-2020-ciencias-natureza,Gabarito ENEM 2020 — Ciências da Natureza: Questões e Resolução Completa,305,7,2020-11-15,RASO
gabarito-enem-2019-ciencias-natureza,Gabarito ENEM 2019 — Ciências da Natureza: Questões e Resolução Completa,305,7,2019-11-15,RASO
gabarito-enem-2018-ciencias-natureza,Gabarito ENEM 2018 — Ciências da Natureza: Questões e Resolução Completa,305,7,2018-11-15,RASO
gabarito-enem-2017-ciencias-natureza,Gabarito ENEM 2017 — Ciências da Natureza: Questões e Resolução Completa,305,7,2017-11-15,RASO
gabarito-enem-2016-ciencias-natureza,Gabarito ENEM 2016 — Ciências da Natureza: Questões e Resolução Completa,305,7,2016-11-15,RASO
gabarito-enem-2015-ciencias-natureza,Gabarito ENEM 2015 — Ciências da Natureza: Questões e Resolução Completa,305,7,2015-11-15,RASO
gabarito-enem-2014-ciencias-natureza,Gabarito ENEM 2014 — Ciências da Natureza: Questões e Resolução Completa,305,7,2014-11-15,RASO
gabarito-enem-2013-ciencias-natureza,Gabarito ENEM 2013 — Ciências da Natureza: Questões e Resolução Completa,305,7,2013-11-15,RASO
gabarito-enem-2012-ciencias-natureza,Gabarito ENEM 2012 — Ciências da Natureza: Questões e Resolução Completa,305,7,2012-11-15,RASO
gabarito-enem-2011-ciencias-natureza,Gabarito ENEM 2011 — Ciências da Natureza: Questões e Resolução Completa,305,7,2011-11-15,RASO
gabarito-enem-2010-ciencias-natureza,Gabarito ENEM 2010 — Ciências da Natureza: Questões e Resolução Completa,305,7,2010-11-15,RASO
gabarito-enem-2009-ciencias-natureza,Gabarito ENEM 2009 — Ciências da Natureza: Questões e Resolução Completa,305,7,2009-11-15,RASO
gabarito-enem-2024-ciencias-humanas,Gabarito ENEM 2024 — Ciências Humanas: Questões e Resolução Completa,305,7,2024-11-15,RASO
gabarito-enem-2023-ciencias-humanas,Gabarito ENEM 2023 — Ciências Humanas: Questões e Resolução Completa,305,7,2023-11-15,RASO
gabarito-enem-2022-ciencias-humanas,Gabarito ENEM 2022 — Ciências Humanas: Questões e Resolução Completa,305,7,2022-11-15,RASO
gabarito-enem-2021-ciencias-humanas,Gabarito ENEM 2021 — Ciências Humanas: Questões e Resolução Completa,305,7,2021-11-15,RASO
gabarito-enem-2020-ciencias-humanas,Gabarito ENEM 2020 — Ciências Humanas: Questões e Resolução Completa,305,7,2020-11-15,RASO
gabarito-enem-2019-ciencias-humanas,Gabarito ENEM 2019 — Ciências Humanas: Questões e Resolução Completa,305,7,2019-11-15,RASO
gabarito-enem-2018-ciencias-humanas,Gabarito ENEM 2018 — Ciências Humanas: Questões e Resolução Completa,305,7,2018-11-15,RASO
gabarito-enem-2017-ciencias-humanas,Gabarito ENEM 2017 — Ciências Humanas: Questões e Resolução Completa,305,7,2017-11-15,RASO
gabarito-enem-2016-ciencias-humanas,Gabarito ENEM 2016 — Ciências Humanas: Questões e Resolução Completa,305,7,2016-11-15,RASO
gabarito-enem-2015-ciencias-humanas,Gabarito ENEM 2015 — Ciências Humanas: Questões e Resolução Completa,305,7,2015-11-15,RASO
gabarito-enem-2014-ciencias-humanas,Gabarito ENEM 2014 — Ciências Humanas: Questões e Resolução Completa,305,7,2014-11-15,RASO
gabarito-enem-2013-ciencias-humanas,Gabarito ENEM 2013 — Ciências Humanas: Questões e Resolução Completa,305,7,2013-11-15,RASO
gabarito-enem-2012-ciencias-humanas,Gabarito ENEM 2012 — Ciências Humanas: Questões e Resolução Completa,305,7,2012-11-15,RASO
gabarito-enem-2011-ciencias-humanas,Gabarito ENEM 2011 — Ciências Humanas: Questões e Resolução Completa,305,7,2011-11-15,RASO
gabarito-enem-2010-ciencias-humanas,Gabarito ENEM 2010 — Ciências Humanas: Questões e Resolução Completa,305,7,2010-11-15,RASO
gabarito-enem-2009-ciencias-humanas,Gabarito ENEM 2009 — Ciências Humanas: Questões e Resolução Completa,305,7,2009-11-15,RASO
gabarito-enem-2024-matematica,Gabarito ENEM 2024 — Matemática: Questões e Resolução Completa,304,7,2024-11-15,RASO
gabarito-enem-2023-matematica,Gabarito ENEM 2023 — Matemática: Questões e Resolução Completa,304,7,2023-11-15,RASO
gabarito-enem-2022-matematica,Gabarito ENEM 2022 — Matemática: Questões e Resolução Completa,304,7,2022-11-15,RASO
gabarito-enem-2021-matematica,Gabarito ENEM 2021 — Matemática: Questões e Resolução Completa,304,7,2021-11-15,RASO
gabarito-enem-2020-matematica,Gabarito ENEM 2020 — Matemática: Questões e Resolução Completa,304,7,2020-11-15,RASO
gabarito-enem-2019-matematica,Gabarito ENEM 2019 — Matemática: Questões e Resolução Completa,304,7,2019-11-15,RASO
gabarito-enem-2018-matematica,Gabarito ENEM 2018 — Matemática: Questões e Resolução Completa,304,7,2018-11-15,RASO
gabarito-enem-2017-matematica,Gabarito ENEM 2017 — Matemática: Questões e Resolução Completa,304,7,2017-11-15,RASO
gabarito-enem-2016-matematica,Gabarito ENEM 2016 — Matemática: Questões e Resolução Completa,304,7,2016-11-15,RASO
gabarito-enem-2015-matematica,Gabarito ENEM 2015 — Matemática: Questões e Resolução Completa,304,7,2015-11-15,RASO
gabarito-enem-2014-matematica,Gabarito ENEM 2014 — Matemática: Questões e Resolução Completa,304,7,2014-11-15,RASO
gabarito-enem-2013-matematica,Gabarito ENEM 2013 — Matemática: Questões e Resolução Completa,304,7,2013-11-15,RASO
gabarito-enem-2012-matematica,Gabarito ENEM 2012 — Matemática: Questões e Resolução Completa,304,7,2012-11-15,RASO
gabarito-enem-2011-matematica,Gabarito ENEM 2011 — Matemática: Questões e Resolução Completa,304,7,2011-11-15,RASO
gabarito-enem-2010-matematica,Gabarito ENEM 2010 — Matemática: Questões e Resolução Completa,304,7,2010-11-15,RASO
gabarito-enem-2009-matematica,Gabarito ENEM 2009 — Matemática: Questões e Resolução Completa,304,7,2009-11-15,RASO
questoes-biologia-que-mais-caem-enem,Questões de Biologia que Mais Caem no ENEM: 45 Temas Frequentes,294,3,2026-06-29,QUASE_VAZIO
dicas-melhorar-redacao-enem-score,Dicas para Melhorar Redação ENEM e Chegar a 900-1000 de Score,226,2,2026-06-29,QUASE_VAZIO
como-calcular-nota-enem-formula-tri,Como Calcular Nota ENEM: Fórmula TRI Explicada em 5 Minutos,144,2,2026-06-29,QUASE_VAZIO
preparacao-segunda-aplicacao-enem-2026,Preparação para Segunda Aplicação ENEM 2026: Cronograma 8 Semanas,87,2,2026-06-29,QUASE_VAZIO